_id,evento_id,cedula_estudiante,fecha_inscripcion
6981fb99b031ec1eec06caea,6981fac0b031ec1eec06cae6,1100000001,2026-02-03T13:43:53.659Z
6981fb99b031ec1eec06caeb,6981fac0b031ec1eec06cae6,1100000002,2026-02-03T13:43:53.659Z
6981fb99b031ec1eec06caec,6981fac0b031ec1eec06cae7,1100000003,2026-02-03T13:43:53.659Z
6981fb99b031ec1eec06caed,6981fab9b031ec1eec06cae4,1100000004,2026-02-03T13:43:53.659Z
6981fb99b031ec1eec06caee,6981fac0b031ec1eec06cae7,1100000005,2026-02-03T13:43:53.659Z
6981fb99b031ec1eec06caef,6981fac0b031ec1eec06cae9,1100000006,2026-02-03T13:43:53.659Z
6981fb99b031ec1eec06caf0,6981fac0b031ec1eec06cae7,1100000007,2026-02-03T13:43:53.659Z
6981fb99b031ec1eec06caf1,6981fac0b031ec1eec06cae6,1100000008,2026-02-03T13:43:53.659Z
6981fb99b031ec1eec06caf2,6981fab9b031ec1eec06cae2,1100000009,2026-02-03T13:43:53.659Z
6981fb99b031ec1eec06caf3,6981fac0b031ec1eec06cae5,1100000010,2026-02-03T13:43:53.659Z
6981fb99b031ec1eec06caf4,6981fac0b031ec1eec06cae6,1100000011,2026-02-03T13:43:53.659Z
6981fb99b031ec1eec06caf5,6981fab9b031ec1eec06cae4,1100000012,2026-02-03T13:43:53.659Z
6981fb99b031ec1eec06caf6,6981fab9b031ec1eec06cae3,1100000013,2026-02-03T13:43:53.659Z
6981fb99b031ec1eec06caf7,6981fac0b031ec1eec06cae9,1100000014,2026-02-03T13:43:53.659Z
6981fb99b031ec1eec06caf8,6981fab9b031ec1eec06cae1,1100000015,2026-02-03T13:43:53.659Z
6981fb99b031ec1eec06caf9,6981fac0b031ec1eec06cae8,1100000016,2026-02-03T13:43:53.659Z
6981fb99b031ec1eec06cafa,6981fab9b031ec1eec06cae3,1100000017,2026-02-03T13:43:53.659Z
6981fb99b031ec1eec06cafb,6981fac0b031ec1eec06cae9,1100000018,2026-02-03T13:43:53.659Z
6981fb99b031ec1eec06cafc,6981fab9b031ec1eec06cae1,1100000019,2026-02-03T13:43:53.659Z
6981fb99b031ec1eec06cafd,6981fab9b031ec1eec06cae3,1100000020,2026-02-03T13:43:53.659Z
6981fb99b031ec1eec06cafe,6981fab9b031ec1eec06cae2,1100000021,2026-02-03T13:43:53.659Z
6981fb99b031ec1eec06caff,697b59db58e6c79ef92c4915,1100000022,2026-02-03T13:43:53.659Z
6981fb99b031ec1eec06cb00,6981fab9b031ec1eec06cae3,1100000023,2026-02-03T13:43:53.659Z
6981fb99b031ec1eec06cb01,6981fab9b031ec1eec06cae2,1100000024,2026-02-03T13:43:53.659Z
6981fb99b031ec1eec06cb02,6981fac0b031ec1eec06cae7,1100000025,2026-02-03T13:43:53.659Z
6981fb99b031ec1eec06cb03,6981fac0b031ec1eec06cae5,1100000026,2026-02-03T13:43:53.659Z
6981fb99b031ec1eec06cb04,6981fab9b031ec1eec06cae1,1100000027,2026-02-03T13:43:53.659Z
6981fb99b031ec1eec06cb05,697b59db58e6c79ef92c4915,1100000028,2026-02-03T13:43:53.659Z
6981fb99b031ec1eec06cb06,6981fab9b031ec1eec06cae3,1100000029,2026-02-03T13:43:53.659Z
6981fb99b031ec1eec06cb07,697b59db58e6c79ef92c4915,1100000030,2026-02-03T13:43:53.659Z
6981fb99b031ec1eec06cb08,6981fac0b031ec1eec06cae7,1100000031,2026-02-03T13:43:53.659Z
6981fb99b031ec1eec06cb09,6981fac0b031ec1eec06cae8,1100000032,2026-02-03T13:43:53.659Z
6981fb99b031ec1eec06cb0a,6981fab9b031ec1eec06cae1,1100000033,2026-02-03T13:43:53.659Z
6981fb99b031ec1eec06cb0b,6981fac0b031ec1eec06cae5,1100000034,2026-02-03T13:43:53.659Z
6981fb99b031ec1eec06cb0c,6981fac0b031ec1eec06cae7,1100000035,2026-02-03T13:43:53.659Z
6981fb99b031ec1eec06cb0d,6981fac0b031ec1eec06cae7,1100000036,2026-02-03T13:43:53.659Z
6981fb99b031ec1eec06cb0e,6981fac0b031ec1eec06cae6,1100000037,2026-02-03T13:43:53.659Z
6981fb99b031ec1eec06cb0f,6981fac0b031ec1eec06cae9,1100000038,2026-02-03T13:43:53.659Z
6981fb99b031ec1eec06cb10,6981fac0b031ec1eec06cae6,1100000039,2026-02-03T13:43:53.659Z
6981fb99b031ec1eec06cb11,6981fab9b031ec1eec06cae3,1100000040,2026-02-03T13:43:53.659Z
6981fb99b031ec1eec06cb12,6981fac0b031ec1eec06cae5,1100000041,2026-02-03T13:43:53.659Z
6981fb99b031ec1eec06cb13,6981fac0b031ec1eec06cae6,1100000042,2026-02-03T13:43:53.659Z
6981fb99b031ec1eec06cb14,6981fac0b031ec1eec06cae6,1100000043,2026-02-03T13:43:53.659Z
6981fb99b031ec1eec06cb15,6981fac0b031ec1eec06cae9,1100000044,2026-02-03T13:43:53.659Z
6981fb99b031ec1eec06cb16,6981fac0b031ec1eec06cae8,1100000045,2026-02-03T13:43:53.659Z
6981fb99b031ec1eec06cb17,6981fab9b031ec1eec06cae4,1100000046,2026-02-03T13:43:53.659Z
6981fb99b031ec1eec06cb18,6981fab9b031ec1eec06cae3,1100000047,2026-02-03T13:43:53.659Z
6981fb99b031ec1eec06cb19,6981fab9b031ec1eec06cae4,1100000048,2026-02-03T13:43:53.659Z
6981fb99b031ec1eec06cb1a,6981fac0b031ec1eec06cae7,1100000049,2026-02-03T13:43:53.659Z
6981fb99b031ec1eec06cb1b,6981fac0b031ec1eec06cae8,1100000050,2026-02-03T13:43:53.659Z
6981fb99b031ec1eec06cb1c,6981fac0b031ec1eec06cae5,1100000051,2026-02-03T13:43:53.659Z
6981fb99b031ec1eec06cb1d,6981fac0b031ec1eec06cae6,1100000052,2026-02-03T13:43:53.659Z
6981fb99b031ec1eec06cb1e,6981fab9b031ec1eec06cae3,1100000053,2026-02-03T13:43:53.659Z
6981fb99b031ec1eec06cb1f,6981fac0b031ec1eec06cae5,1100000054,2026-02-03T13:43:53.659Z
6981fb99b031ec1eec06cb20,6981fab9b031ec1eec06cae4,1100000055,2026-02-03T13:43:53.659Z
6981fb99b031ec1eec06cb21,6981fac0b031ec1eec06cae6,1100000056,2026-02-03T13:43:53.659Z
6981fb99b031ec1eec06cb22,6981fab9b031ec1eec06cae3,1100000057,2026-02-03T13:43:53.659Z
6981fb99b031ec1eec06cb23,6981fac0b031ec1eec06cae9,1100000058,2026-02-03T13:43:53.659Z
6981fb99b031ec1eec06cb24,6981fac0b031ec1eec06cae6,1100000059,2026-02-03T13:43:53.659Z
6981fb99b031ec1eec06cb25,6981fac0b031ec1eec06cae7,1100000060,2026-02-03T13:43:53.659Z
6981fb99b031ec1eec06cb26,6981fac0b031ec1eec06cae5,1100000061,2026-02-03T13:43:53.659Z
6981fb99b031ec1eec06cb27,6981fab9b031ec1eec06cae1,1100000062,2026-02-03T13:43:53.659Z
6981fb99b031ec1eec06cb28,6981fac0b031ec1eec06cae7,1100000063,2026-02-03T13:43:53.659Z
6981fb99b031ec1eec06cb29,6981fab9b031ec1eec06cae4,1100000064,2026-02-03T13:43:53.659Z
6981fb99b031ec1eec06cb2a,6981fac0b031ec1eec06cae6,1100000065,2026-02-03T13:43:53.659Z
6981fb99b031ec1eec06cb2b,6981fac0b031ec1eec06cae6,1100000066,2026-02-03T13:43:53.659Z
6981fb99b031ec1eec06cb2c,6981fac0b031ec1eec06cae8,1100000067,2026-02-03T13:43:53.659Z
6981fb99b031ec1eec06cb2d,6981fac0b031ec1eec06cae9,1100000068,2026-02-03T13:43:53.659Z
6981fb99b031ec1eec06cb2e,6981fab9b031ec1eec06cae2,1100000069,2026-02-03T13:43:53.659Z
6981fb99b031ec1eec06cb2f,6981fac0b031ec1eec06cae6,1100000070,2026-02-03T13:43:53.659Z
6981fb99b031ec1eec06cb30,6981fab9b031ec1eec06cae3,1100000071,2026-02-03T13:43:53.659Z
6981fb99b031ec1eec06cb31,6981fac0b031ec1eec06cae5,1100000072,2026-02-03T13:43:53.659Z
6981fb99b031ec1eec06cb32,6981fac0b031ec1eec06cae8,1100000073,2026-02-03T13:43:53.659Z
6981fb99b031ec1eec06cb33,6981fab9b031ec1eec06cae3,1100000074,2026-02-03T13:43:53.659Z
6981fb99b031ec1eec06cb34,6981fab9b031ec1eec06cae3,1100000075,2026-02-03T13:43:53.659Z
6981fb99b031ec1eec06cb35,6981fab9b031ec1eec06cae3,1100000076,2026-02-03T13:43:53.659Z
6981fb99b031ec1eec06cb36,6981fab9b031ec1eec06cae3,1100000077,2026-02-03T13:43:53.659Z
6981fb99b031ec1eec06cb37,6981fab9b031ec1eec06cae4,1100000078,2026-02-03T13:43:53.659Z
6981fb99b031ec1eec06cb38,6981fac0b031ec1eec06cae8,1100000079,2026-02-03T13:43:53.659Z
6981fb99b031ec1eec06cb39,6981fac0b031ec1eec06cae6,1100000080,2026-02-03T13:43:53.659Z
6981fb99b031ec1eec06cb3a,6981fab9b031ec1eec06cae3,1100000081,2026-02-03T13:43:53.659Z
6981fb99b031ec1eec06cb3b,6981fab9b031ec1eec06cae1,1100000082,2026-02-03T13:43:53.659Z
6981fb99b031ec1eec06cb3c,6981fac0b031ec1eec06cae6,1100000083,2026-02-03T13:43:53.659Z
6981fb99b031ec1eec06cb3d,6981fac0b031ec1eec06cae9,1100000084,2026-02-03T13:43:53.659Z
6981fb99b031ec1eec06cb3e,6981fab9b031ec1eec06cae3,1100000085,2026-02-03T13:43:53.659Z
6981fb99b031ec1eec06cb3f,6981fac0b031ec1eec06cae5,1100000086,2026-02-03T13:43:53.659Z
6981fb99b031ec1eec06cb40,6981fac0b031ec1eec06cae5,1100000087,2026-02-03T13:43:53.659Z
6981fb99b031ec1eec06cb41,6981fac0b031ec1eec06cae5,1100000088,2026-02-03T13:43:53.659Z
6981fb99b031ec1eec06cb42,6981fac0b031ec1eec06cae6,1100000089,2026-02-03T13:43:53.659Z
6981fb99b031ec1eec06cb43,6981fac0b031ec1eec06cae8,1100000090,2026-02-03T13:43:53.659Z
6981fb99b031ec1eec06cb44,6981fac0b031ec1eec06cae5,1100000091,2026-02-03T13:43:53.659Z
6981fb99b031ec1eec06cb45,6981fab9b031ec1eec06cae1,1100000092,2026-02-03T13:43:53.659Z
6981fb99b031ec1eec06cb46,697b59db58e6c79ef92c4915,1100000093,2026-02-03T13:43:53.659Z
6981fb99b031ec1eec06cb47,6981fac0b031ec1eec06cae5,1100000094,2026-02-03T13:43:53.659Z
6981fb99b031ec1eec06cb48,6981fab9b031ec1eec06cae2,1100000095,2026-02-03T13:43:53.659Z
6981fb99b031ec1eec06cb49,6981fac0b031ec1eec06cae8,1100000096,2026-02-03T13:43:53.659Z
6981fb99b031ec1eec06cb4a,6981fac0b031ec1eec06cae9,1100000097,2026-02-03T13:43:53.659Z
6981fb99b031ec1eec06cb4b,6981fac0b031ec1eec06cae6,1100000098,2026-02-03T13:43:53.659Z
6981fb99b031ec1eec06cb4c,6981fab9b031ec1eec06cae4,1100000099,2026-02-03T13:43:53.659Z
6981fb99b031ec1eec06cb4d,6981fac0b031ec1eec06cae6,1100000100,2026-02-03T13:43:53.659Z
6981fb99b031ec1eec06cb4e,6981fab9b031ec1eec06cae4,1100000101,2026-02-03T13:43:53.659Z
6981fb99b031ec1eec06cb4f,6981fab9b031ec1eec06cae1,1100000102,2026-02-03T13:43:53.659Z
6981fb99b031ec1eec06cb50,6981fac0b031ec1eec06cae8,1100000103,2026-02-03T13:43:53.659Z
6981fb99b031ec1eec06cb51,6981fab9b031ec1eec06cae3,1100000104,2026-02-03T13:43:53.659Z
6981fb99b031ec1eec06cb52,6981fab9b031ec1eec06cae3,1100000105,2026-02-03T13:43:53.659Z
6981fb99b031ec1eec06cb53,6981fac0b031ec1eec06cae8,1100000106,2026-02-03T13:43:53.659Z
6981fb99b031ec1eec06cb54,6981fac0b031ec1eec06cae5,1100000107,2026-02-03T13:43:53.659Z
6981fb99b031ec1eec06cb55,6981fab9b031ec1eec06cae3,1100000108,2026-02-03T13:43:53.659Z
6981fb99b031ec1eec06cb56,6981fab9b031ec1eec06cae2,1100000109,2026-02-03T13:43:53.659Z
6981fb99b031ec1eec06cb57,6981fac0b031ec1eec06cae7,1100000110,2026-02-03T13:43:53.659Z
6981fb99b031ec1eec06cb58,6981fab9b031ec1eec06cae4,1100000111,2026-02-03T13:43:53.659Z
6981fb99b031ec1eec06cb59,697b59db58e6c79ef92c4915,1100000112,2026-02-03T13:43:53.659Z
6981fb99b031ec1eec06cb5a,697b59db58e6c79ef92c4915,1100000113,2026-02-03T13:43:53.659Z
6981fb99b031ec1eec06cb5b,6981fab9b031ec1eec06cae2,1100000114,2026-02-03T13:43:53.659Z
6981fb99b031ec1eec06cb5c,6981fab9b031ec1eec06cae4,1100000115,2026-02-03T13:43:53.659Z
6981fb99b031ec1eec06cb5d,6981fab9b031ec1eec06cae1,1100000116,2026-02-03T13:43:53.659Z
6981fb99b031ec1eec06cb5e,6981fab9b031ec1eec06cae3,1100000117,2026-02-03T13:43:53.659Z
6981fb99b031ec1eec06cb5f,6981fac0b031ec1eec06cae6,1100000118,2026-02-03T13:43:53.659Z
6981fb99b031ec1eec06cb60,6981fab9b031ec1eec06cae4,1100000119,2026-02-03T13:43:53.659Z
6981fb99b031ec1eec06cb61,6981fab9b031ec1eec06cae1,1100000120,2026-02-03T13:43:53.659Z
6981fb99b031ec1eec06cb62,6981fab9b031ec1eec06cae4,1100000121,2026-02-03T13:43:53.659Z
6981fb99b031ec1eec06cb63,6981fab9b031ec1eec06cae3,1100000122,2026-02-03T13:43:53.659Z
6981fb99b031ec1eec06cb64,6981fab9b031ec1eec06cae1,1100000123,2026-02-03T13:43:53.659Z
6981fb99b031ec1eec06cb65,6981fac0b031ec1eec06cae9,1100000124,2026-02-03T13:43:53.659Z
6981fb99b031ec1eec06cb66,6981fab9b031ec1eec06cae3,1100000125,2026-02-03T13:43:53.659Z
6981fb99b031ec1eec06cb67,6981fac0b031ec1eec06cae9,1100000126,2026-02-03T13:43:53.659Z
6981fb99b031ec1eec06cb68,6981fab9b031ec1eec06cae4,1100000127,2026-02-03T13:43:53.659Z
6981fb99b031ec1eec06cb69,697b59db58e6c79ef92c4915,1100000128,2026-02-03T13:43:53.659Z
6981fb99b031ec1eec06cb6a,6981fac0b031ec1eec06cae6,1100000129,2026-02-03T13:43:53.659Z
6981fb99b031ec1eec06cb6b,6981fac0b031ec1eec06cae5,1100000130,2026-02-03T13:43:53.659Z
6981fb99b031ec1eec06cb6c,6981fab9b031ec1eec06cae2,1100000131,2026-02-03T13:43:53.659Z
6981fb99b031ec1eec06cb6d,6981fac0b031ec1eec06cae8,1100000132,2026-02-03T13:43:53.659Z
6981fb99b031ec1eec06cb6e,6981fac0b031ec1eec06cae6,1100000133,2026-02-03T13:43:53.659Z
6981fb99b031ec1eec06cb6f,6981fab9b031ec1eec06cae3,1100000134,2026-02-03T13:43:53.659Z
6981fb99b031ec1eec06cb70,6981fab9b031ec1eec06cae2,1100000135,2026-02-03T13:43:53.659Z
6981fb99b031ec1eec06cb71,6981fac0b031ec1eec06cae9,1100000136,2026-02-03T13:43:53.659Z
6981fb99b031ec1eec06cb72,6981fac0b031ec1eec06cae6,1100000137,2026-02-03T13:43:53.659Z
6981fb99b031ec1eec06cb73,6981fac0b031ec1eec06cae9,1100000138,2026-02-03T13:43:53.659Z
6981fb99b031ec1eec06cb74,6981fac0b031ec1eec06cae8,1100000139,2026-02-03T13:43:53.659Z
6981fb99b031ec1eec06cb75,6981fac0b031ec1eec06cae7,1100000140,2026-02-03T13:43:53.659Z
6981fb99b031ec1eec06cb76,6981fab9b031ec1eec06cae2,1100000141,2026-02-03T13:43:53.659Z
6981fb99b031ec1eec06cb77,6981fab9b031ec1eec06cae1,1100000142,2026-02-03T13:43:53.659Z
6981fb99b031ec1eec06cb78,697b59db58e6c79ef92c4915,1100000143,2026-02-03T13:43:53.659Z
6981fb99b031ec1eec06cb79,6981fac0b031ec1eec06cae8,1100000144,2026-02-03T13:43:53.659Z
6981fb99b031ec1eec06cb7a,6981fab9b031ec1eec06cae2,1100000145,2026-02-03T13:43:53.659Z
6981fb99b031ec1eec06cb7b,6981fac0b031ec1eec06cae7,1100000146,2026-02-03T13:43:53.659Z
6981fb99b031ec1eec06cb7c,6981fac0b031ec1eec06cae5,1100000147,2026-02-03T13:43:53.659Z
6981fb99b031ec1eec06cb7d,6981fac0b031ec1eec06cae8,1100000148,2026-02-03T13:43:53.659Z
6981fb99b031ec1eec06cb7e,6981fab9b031ec1eec06cae1,1100000149,2026-02-03T13:43:53.659Z
6981fb99b031ec1eec06cb7f,6981fac0b031ec1eec06cae7,1100000150,2026-02-03T13:43:53.659Z
6981fb99b031ec1eec06cb80,6981fac0b031ec1eec06cae9,1100000151,2026-02-03T13:43:53.659Z
6981fb99b031ec1eec06cb81,6981fac0b031ec1eec06cae8,1100000152,2026-02-03T13:43:53.659Z
6981fb99b031ec1eec06cb82,6981fab9b031ec1eec06cae3,1100000153,2026-02-03T13:43:53.659Z
6981fb99b031ec1eec06cb83,6981fab9b031ec1eec06cae4,1100000154,2026-02-03T13:43:53.659Z
6981fb99b031ec1eec06cb84,6981fac0b031ec1eec06cae8,1100000155,2026-02-03T13:43:53.659Z
6981fb99b031ec1eec06cb85,6981fac0b031ec1eec06cae7,1100000156,2026-02-03T13:43:53.659Z
6981fb99b031ec1eec06cb86,6981fab9b031ec1eec06cae2,1100000157,2026-02-03T13:43:53.659Z
6981fb99b031ec1eec06cb87,6981fab9b031ec1eec06cae2,1100000158,2026-02-03T13:43:53.659Z
6981fb99b031ec1eec06cb88,6981fac0b031ec1eec06cae7,1100000159,2026-02-03T13:43:53.659Z
6981fb99b031ec1eec06cb89,6981fac0b031ec1eec06cae9,1100000160,2026-02-03T13:43:53.659Z
6981fb99b031ec1eec06cb8a,697b59db58e6c79ef92c4915,1100000161,2026-02-03T13:43:53.659Z
6981fb99b031ec1eec06cb8b,6981fab9b031ec1eec06cae1,1100000162,2026-02-03T13:43:53.659Z
6981fb99b031ec1eec06cb8c,6981fac0b031ec1eec06cae7,1100000163,2026-02-03T13:43:53.659Z
6981fb99b031ec1eec06cb8d,6981fab9b031ec1eec06cae4,1100000164,2026-02-03T13:43:53.659Z
6981fb99b031ec1eec06cb8e,697b59db58e6c79ef92c4915,1100000165,2026-02-03T13:43:53.659Z
6981fb99b031ec1eec06cb8f,6981fab9b031ec1eec06cae4,1100000166,2026-02-03T13:43:53.659Z
6981fb99b031ec1eec06cb90,6981fac0b031ec1eec06cae8,1100000167,2026-02-03T13:43:53.659Z
6981fb99b031ec1eec06cb91,6981fac0b031ec1eec06cae5,1100000168,2026-02-03T13:43:53.659Z
6981fb99b031ec1eec06cb92,6981fac0b031ec1eec06cae5,1100000169,2026-02-03T13:43:53.660Z
6981fb99b031ec1eec06cb93,6981fab9b031ec1eec06cae2,1100000170,2026-02-03T13:43:53.660Z
6981fb99b031ec1eec06cb94,6981fab9b031ec1eec06cae2,1100000171,2026-02-03T13:43:53.660Z
6981fb99b031ec1eec06cb95,6981fac0b031ec1eec06cae9,1100000172,2026-02-03T13:43:53.660Z
6981fb99b031ec1eec06cb96,697b59db58e6c79ef92c4915,1100000173,2026-02-03T13:43:53.660Z
6981fb99b031ec1eec06cb97,6981fac0b031ec1eec06cae6,1100000174,2026-02-03T13:43:53.660Z
6981fb99b031ec1eec06cb98,6981fac0b031ec1eec06cae6,1100000175,2026-02-03T13:43:53.660Z
6981fb99b031ec1eec06cb99,6981fab9b031ec1eec06cae2,1100000176,2026-02-03T13:43:53.660Z
6981fb99b031ec1eec06cb9a,6981fac0b031ec1eec06cae8,1100000177,2026-02-03T13:43:53.660Z
6981fb99b031ec1eec06cb9b,6981fab9b031ec1eec06cae4,1100000178,2026-02-03T13:43:53.660Z
6981fb99b031ec1eec06cb9c,6981fac0b031ec1eec06cae5,1100000179,2026-02-03T13:43:53.660Z
6981fb99b031ec1eec06cb9d,697b59db58e6c79ef92c4915,1100000180,2026-02-03T13:43:53.660Z
6981fb99b031ec1eec06cb9e,6981fac0b031ec1eec06cae6,1100000181,2026-02-03T13:43:53.660Z
6981fb99b031ec1eec06cb9f,6981fac0b031ec1eec06cae9,1100000182,2026-02-03T13:43:53.660Z
6981fb99b031ec1eec06cba0,697b59db58e6c79ef92c4915,1100000183,2026-02-03T13:43:53.660Z
6981fb99b031ec1eec06cba1,6981fac0b031ec1eec06cae6,1100000184,2026-02-03T13:43:53.660Z
6981fb99b031ec1eec06cba2,6981fab9b031ec1eec06cae3,1100000185,2026-02-03T13:43:53.660Z
6981fb99b031ec1eec06cba3,6981fac0b031ec1eec06cae7,1100000186,2026-02-03T13:43:53.660Z
6981fb99b031ec1eec06cba4,6981fab9b031ec1eec06cae4,1100000187,2026-02-03T13:43:53.660Z
6981fb99b031ec1eec06cba5,6981fac0b031ec1eec06cae9,1100000188,2026-02-03T13:43:53.660Z
6981fb99b031ec1eec06cba6,6981fac0b031ec1eec06cae8,1100000189,2026-02-03T13:43:53.660Z
6981fb99b031ec1eec06cba7,697b59db58e6c79ef92c4915,1100000190,2026-02-03T13:43:53.660Z
6981fb99b031ec1eec06cba8,697b59db58e6c79ef92c4915,1100000191,2026-02-03T13:43:53.660Z
6981fb99b031ec1eec06cba9,6981fab9b031ec1eec06cae4,1100000192,2026-02-03T13:43:53.660Z
6981fb99b031ec1eec06cbaa,6981fac0b031ec1eec06cae8,1100000193,2026-02-03T13:43:53.660Z
6981fb99b031ec1eec06cbab,6981fab9b031ec1eec06cae3,1100000194,2026-02-03T13:43:53.660Z
6981fb99b031ec1eec06cbac,6981fac0b031ec1eec06cae7,1100000195,2026-02-03T13:43:53.660Z
6981fb99b031ec1eec06cbad,697b59db58e6c79ef92c4915,1100000196,2026-02-03T13:43:53.660Z
6981fb99b031ec1eec06cbae,6981fac0b031ec1eec06cae5,1100000197,2026-02-03T13:43:53.660Z
6981fb99b031ec1eec06cbaf,6981fab9b031ec1eec06cae1,1100000198,2026-02-03T13:43:53.660Z
6981fb99b031ec1eec06cbb0,6981fac0b031ec1eec06cae7,1100000199,2026-02-03T13:43:53.660Z
6981fb99b031ec1eec06cbb1,6981fac0b031ec1eec06cae5,1100000200,2026-02-03T13:43:53.660Z
6981fb99b031ec1eec06cbb2,6981fac0b031ec1eec06cae5,1100000201,2026-02-03T13:43:53.660Z
6981fb99b031ec1eec06cbb3,6981fac0b031ec1eec06cae7,1100000202,2026-02-03T13:43:53.660Z
6981fb99b031ec1eec06cbb4,6981fab9b031ec1eec06cae1,1100000203,2026-02-03T13:43:53.660Z
6981fb99b031ec1eec06cbb5,6981fac0b031ec1eec06cae6,1100000204,2026-02-03T13:43:53.660Z
6981fb99b031ec1eec06cbb6,6981fab9b031ec1eec06cae3,1100000205,2026-02-03T13:43:53.660Z
6981fb99b031ec1eec06cbb7,6981fac0b031ec1eec06cae5,1100000206,2026-02-03T13:43:53.660Z
6981fb99b031ec1eec06cbb8,6981fab9b031ec1eec06cae3,1100000207,2026-02-03T13:43:53.660Z
6981fb99b031ec1eec06cbb9,697b59db58e6c79ef92c4915,1100000208,2026-02-03T13:43:53.660Z
6981fb99b031ec1eec06cbba,6981fac0b031ec1eec06cae6,1100000209,2026-02-03T13:43:53.660Z
6981fb99b031ec1eec06cbbb,697b59db58e6c79ef92c4915,1100000210,2026-02-03T13:43:53.660Z
6981fb99b031ec1eec06cbbc,6981fab9b031ec1eec06cae4,1100000211,2026-02-03T13:43:53.660Z
6981fb99b031ec1eec06cbbd,6981fab9b031ec1eec06cae3,1100000212,2026-02-03T13:43:53.660Z
6981fb99b031ec1eec06cbbe,6981fac0b031ec1eec06cae7,1100000213,2026-02-03T13:43:53.660Z
6981fb99b031ec1eec06cbbf,6981fab9b031ec1eec06cae2,1100000214,2026-02-03T13:43:53.660Z
6981fb99b031ec1eec06cbc0,6981fac0b031ec1eec06cae6,1100000215,2026-02-03T13:43:53.660Z
6981fb99b031ec1eec06cbc1,6981fac0b031ec1eec06cae5,1100000216,2026-02-03T13:43:53.660Z
6981fb99b031ec1eec06cbc2,6981fac0b031ec1eec06cae9,1100000217,2026-02-03T13:43:53.660Z
6981fb99b031ec1eec06cbc3,6981fac0b031ec1eec06cae7,1100000218,2026-02-03T13:43:53.660Z
6981fb99b031ec1eec06cbc4,6981fac0b031ec1eec06cae8,1100000219,2026-02-03T13:43:53.660Z
6981fb99b031ec1eec06cbc5,6981fac0b031ec1eec06cae9,1100000220,2026-02-03T13:43:53.660Z
6981fb99b031ec1eec06cbc6,6981fac0b031ec1eec06cae9,1100000221,2026-02-03T13:43:53.660Z
6981fb99b031ec1eec06cbc7,6981fac0b031ec1eec06cae5,1100000222,2026-02-03T13:43:53.660Z
6981fb99b031ec1eec06cbc8,6981fac0b031ec1eec06cae9,1100000223,2026-02-03T13:43:53.660Z
6981fb99b031ec1eec06cbc9,6981fab9b031ec1eec06cae3,1100000224,2026-02-03T13:43:53.660Z
6981fb99b031ec1eec06cbca,6981fab9b031ec1eec06cae2,1100000225,2026-02-03T13:43:53.660Z
6981fb99b031ec1eec06cbcb,6981fac0b031ec1eec06cae8,1100000226,2026-02-03T13:43:53.660Z
6981fb99b031ec1eec06cbcc,6981fab9b031ec1eec06cae3,1100000227,2026-02-03T13:43:53.660Z
6981fb99b031ec1eec06cbcd,6981fab9b031ec1eec06cae1,1100000228,2026-02-03T13:43:53.660Z
6981fb99b031ec1eec06cbce,6981fac0b031ec1eec06cae5,1100000229,2026-02-03T13:43:53.660Z
6981fb99b031ec1eec06cbcf,6981fab9b031ec1eec06cae2,1100000230,2026-02-03T13:43:53.660Z
6981fb99b031ec1eec06cbd0,6981fac0b031ec1eec06cae6,1100000231,2026-02-03T13:43:53.660Z
6981fb99b031ec1eec06cbd1,6981fac0b031ec1eec06cae8,1100000232,2026-02-03T13:43:53.660Z
6981fb99b031ec1eec06cbd2,697b59db58e6c79ef92c4915,1100000233,2026-02-03T13:43:53.660Z
6981fb99b031ec1eec06cbd3,6981fac0b031ec1eec06cae5,1100000234,2026-02-03T13:43:53.660Z
6981fb99b031ec1eec06cbd4,6981fab9b031ec1eec06cae1,1100000235,2026-02-03T13:43:53.660Z
6981fb99b031ec1eec06cbd5,6981fac0b031ec1eec06cae5,1100000236,2026-02-03T13:43:53.660Z
6981fb99b031ec1eec06cbd6,697b59db58e6c79ef92c4915,1100000237,2026-02-03T13:43:53.660Z
6981fb99b031ec1eec06cbd7,6981fab9b031ec1eec06cae2,1100000238,2026-02-03T13:43:53.660Z
6981fb99b031ec1eec06cbd8,6981fab9b031ec1eec06cae1,1100000239,2026-02-03T13:43:53.660Z
6981fb99b031ec1eec06cbd9,6981fac0b031ec1eec06cae7,1100000240,2026-02-03T13:43:53.660Z
6981fb99b031ec1eec06cbda,6981fac0b031ec1eec06cae7,1100000241,2026-02-03T13:43:53.660Z
6981fb99b031ec1eec06cbdb,6981fab9b031ec1eec06cae3,1100000242,2026-02-03T13:43:53.660Z
6981fb99b031ec1eec06cbdc,6981fac0b031ec1eec06cae8,1100000243,2026-02-03T13:43:53.660Z
6981fb99b031ec1eec06cbdd,6981fac0b031ec1eec06cae7,1100000244,2026-02-03T13:43:53.660Z
6981fb99b031ec1eec06cbde,697b59db58e6c79ef92c4915,1100000245,2026-02-03T13:43:53.660Z
6981fb99b031ec1eec06cbdf,6981fab9b031ec1eec06cae3,1100000246,2026-02-03T13:43:53.660Z
6981fb99b031ec1eec06cbe0,6981fac0b031ec1eec06cae8,1100000247,2026-02-03T13:43:53.660Z
6981fb99b031ec1eec06cbe1,6981fac0b031ec1eec06cae8,1100000248,2026-02-03T13:43:53.660Z
6981fb99b031ec1eec06cbe2,6981fac0b031ec1eec06cae7,1100000249,2026-02-03T13:43:53.660Z
6981fb99b031ec1eec06cbe3,6981fac0b031ec1eec06cae6,1100000250,2026-02-03T13:43:53.660Z
6981fb99b031ec1eec06cbe4,6981fab9b031ec1eec06cae2,1100000251,2026-02-03T13:43:53.660Z
6981fb99b031ec1eec06cbe5,6981fac0b031ec1eec06cae9,1100000252,2026-02-03T13:43:53.660Z
6981fb99b031ec1eec06cbe6,697b59db58e6c79ef92c4915,1100000253,2026-02-03T13:43:53.660Z
6981fb99b031ec1eec06cbe7,6981fac0b031ec1eec06cae6,1100000254,2026-02-03T13:43:53.660Z
6981fb99b031ec1eec06cbe8,6981fac0b031ec1eec06cae9,1100000255,2026-02-03T13:43:53.660Z
6981fb99b031ec1eec06cbe9,6981fac0b031ec1eec06cae5,1100000256,2026-02-03T13:43:53.660Z
6981fb99b031ec1eec06cbea,6981fac0b031ec1eec06cae8,1100000257,2026-02-03T13:43:53.660Z
6981fb99b031ec1eec06cbeb,6981fac0b031ec1eec06cae8,1100000258,2026-02-03T13:43:53.660Z
6981fb99b031ec1eec06cbec,6981fab9b031ec1eec06cae3,1100000259,2026-02-03T13:43:53.660Z
6981fb99b031ec1eec06cbed,697b59db58e6c79ef92c4915,1100000260,2026-02-03T13:43:53.660Z
6981fb99b031ec1eec06cbee,6981fac0b031ec1eec06cae5,1100000261,2026-02-03T13:43:53.660Z
6981fb99b031ec1eec06cbef,6981fab9b031ec1eec06cae3,1100000262,2026-02-03T13:43:53.660Z
6981fb99b031ec1eec06cbf0,6981fab9b031ec1eec06cae1,1100000263,2026-02-03T13:43:53.660Z
6981fb99b031ec1eec06cbf1,6981fac0b031ec1eec06cae9,1100000264,2026-02-03T13:43:53.660Z
6981fb99b031ec1eec06cbf2,6981fac0b031ec1eec06cae9,1100000265,2026-02-03T13:43:53.660Z
6981fb99b031ec1eec06cbf3,6981fac0b031ec1eec06cae6,1100000266,2026-02-03T13:43:53.660Z
6981fb99b031ec1eec06cbf4,6981fab9b031ec1eec06cae4,1100000267,2026-02-03T13:43:53.660Z
6981fb99b031ec1eec06cbf5,6981fab9b031ec1eec06cae2,1100000268,2026-02-03T13:43:53.660Z
6981fb99b031ec1eec06cbf6,6981fab9b031ec1eec06cae2,1100000269,2026-02-03T13:43:53.660Z
6981fb99b031ec1eec06cbf7,6981fab9b031ec1eec06cae2,1100000270,2026-02-03T13:43:53.660Z
6981fb99b031ec1eec06cbf8,6981fac0b031ec1eec06cae8,1100000271,2026-02-03T13:43:53.660Z
6981fb99b031ec1eec06cbf9,6981fab9b031ec1eec06cae4,1100000272,2026-02-03T13:43:53.660Z
6981fb99b031ec1eec06cbfa,6981fac0b031ec1eec06cae5,1100000273,2026-02-03T13:43:53.660Z
6981fb99b031ec1eec06cbfb,6981fab9b031ec1eec06cae2,1100000274,2026-02-03T13:43:53.660Z
6981fb99b031ec1eec06cbfc,697b59db58e6c79ef92c4915,1100000275,2026-02-03T13:43:53.660Z
6981fb99b031ec1eec06cbfd,6981fab9b031ec1eec06cae2,1100000276,2026-02-03T13:43:53.660Z
6981fb99b031ec1eec06cbfe,6981fab9b031ec1eec06cae2,1100000277,2026-02-03T13:43:53.660Z
6981fb99b031ec1eec06cbff,6981fac0b031ec1eec06cae6,1100000278,2026-02-03T13:43:53.660Z
6981fb99b031ec1eec06cc00,697b59db58e6c79ef92c4915,1100000279,2026-02-03T13:43:53.660Z
6981fb99b031ec1eec06cc01,6981fab9b031ec1eec06cae4,1100000280,2026-02-03T13:43:53.660Z
6981fb99b031ec1eec06cc02,6981fac0b031ec1eec06cae6,1100000281,2026-02-03T13:43:53.660Z
6981fb99b031ec1eec06cc03,6981fac0b031ec1eec06cae7,1100000282,2026-02-03T13:43:53.660Z
6981fb99b031ec1eec06cc04,6981fab9b031ec1eec06cae4,1100000283,2026-02-03T13:43:53.660Z
6981fb99b031ec1eec06cc05,697b59db58e6c79ef92c4915,1100000284,2026-02-03T13:43:53.660Z
6981fb99b031ec1eec06cc06,6981fac0b031ec1eec06cae7,1100000285,2026-02-03T13:43:53.660Z
6981fb99b031ec1eec06cc07,697b59db58e6c79ef92c4915,1100000286,2026-02-03T13:43:53.660Z
6981fb99b031ec1eec06cc08,6981fab9b031ec1eec06cae4,1100000287,2026-02-03T13:43:53.660Z
6981fb99b031ec1eec06cc09,6981fac0b031ec1eec06cae8,1100000288,2026-02-03T13:43:53.660Z
6981fb99b031ec1eec06cc0a,6981fab9b031ec1eec06cae3,1100000289,2026-02-03T13:43:53.660Z
6981fb99b031ec1eec06cc0b,6981fab9b031ec1eec06cae2,1100000290,2026-02-03T13:43:53.660Z
6981fb99b031ec1eec06cc0c,6981fac0b031ec1eec06cae5,1100000291,2026-02-03T13:43:53.660Z
6981fb99b031ec1eec06cc0d,6981fac0b031ec1eec06cae7,1100000292,2026-02-03T13:43:53.660Z
6981fb99b031ec1eec06cc0e,697b59db58e6c79ef92c4915,1100000293,2026-02-03T13:43:53.660Z
6981fb99b031ec1eec06cc0f,6981fac0b031ec1eec06cae6,1100000294,2026-02-03T13:43:53.660Z
6981fb99b031ec1eec06cc10,697b59db58e6c79ef92c4915,1100000295,2026-02-03T13:43:53.660Z
6981fb99b031ec1eec06cc11,697b59db58e6c79ef92c4915,1100000296,2026-02-03T13:43:53.660Z
6981fb99b031ec1eec06cc12,6981fac0b031ec1eec06cae6,1100000297,2026-02-03T13:43:53.660Z
6981fb99b031ec1eec06cc13,6981fac0b031ec1eec06cae9,1100000298,2026-02-03T13:43:53.660Z
6981fb99b031ec1eec06cc14,6981fac0b031ec1eec06cae5,1100000299,2026-02-03T13:43:53.660Z
6981fb99b031ec1eec06cc15,6981fac0b031ec1eec06cae5,1100000300,2026-02-03T13:43:53.660Z
6981fb99b031ec1eec06cc16,6981fac0b031ec1eec06cae5,1100000301,2026-02-03T13:43:53.660Z
6981fb99b031ec1eec06cc17,6981fac0b031ec1eec06cae9,1100000302,2026-02-03T13:43:53.660Z
6981fb99b031ec1eec06cc18,697b59db58e6c79ef92c4915,1100000303,2026-02-03T13:43:53.660Z
6981fb99b031ec1eec06cc19,6981fab9b031ec1eec06cae1,1100000304,2026-02-03T13:43:53.660Z
6981fb99b031ec1eec06cc1a,6981fac0b031ec1eec06cae5,1100000305,2026-02-03T13:43:53.660Z
6981fb99b031ec1eec06cc1b,6981fab9b031ec1eec06cae3,1100000306,2026-02-03T13:43:53.660Z
6981fb99b031ec1eec06cc1c,6981fac0b031ec1eec06cae6,1100000307,2026-02-03T13:43:53.660Z
6981fb99b031ec1eec06cc1d,6981fab9b031ec1eec06cae1,1100000308,2026-02-03T13:43:53.660Z
6981fb99b031ec1eec06cc1e,6981fac0b031ec1eec06cae7,1100000309,2026-02-03T13:43:53.660Z
6981fb99b031ec1eec06cc1f,6981fab9b031ec1eec06cae2,1100000310,2026-02-03T13:43:53.660Z
6981fb99b031ec1eec06cc20,6981fac0b031ec1eec06cae7,1100000311,2026-02-03T13:43:53.660Z
6981fb99b031ec1eec06cc21,6981fac0b031ec1eec06cae6,1100000312,2026-02-03T13:43:53.660Z
6981fb99b031ec1eec06cc22,6981fab9b031ec1eec06cae2,1100000313,2026-02-03T13:43:53.660Z
6981fb99b031ec1eec06cc23,6981fab9b031ec1eec06cae3,1100000314,2026-02-03T13:43:53.660Z
6981fb99b031ec1eec06cc24,6981fab9b031ec1eec06cae4,1100000315,2026-02-03T13:43:53.660Z
6981fb99b031ec1eec06cc25,6981fab9b031ec1eec06cae2,1100000316,2026-02-03T13:43:53.660Z
6981fb99b031ec1eec06cc26,6981fab9b031ec1eec06cae4,1100000317,2026-02-03T13:43:53.660Z
6981fb99b031ec1eec06cc27,6981fac0b031ec1eec06cae8,1100000318,2026-02-03T13:43:53.660Z
6981fb99b031ec1eec06cc28,6981fac0b031ec1eec06cae8,1100000319,2026-02-03T13:43:53.660Z
6981fb99b031ec1eec06cc29,6981fac0b031ec1eec06cae5,1100000320,2026-02-03T13:43:53.660Z
6981fb99b031ec1eec06cc2a,6981fab9b031ec1eec06cae1,1100000321,2026-02-03T13:43:53.660Z
6981fb99b031ec1eec06cc2b,6981fac0b031ec1eec06cae8,1100000322,2026-02-03T13:43:53.660Z
6981fb99b031ec1eec06cc2c,6981fac0b031ec1eec06cae8,1100000323,2026-02-03T13:43:53.660Z
6981fb99b031ec1eec06cc2d,6981fac0b031ec1eec06cae7,1100000324,2026-02-03T13:43:53.660Z
6981fb99b031ec1eec06cc2e,6981fab9b031ec1eec06cae4,1100000325,2026-02-03T13:43:53.660Z
6981fb99b031ec1eec06cc2f,6981fac0b031ec1eec06cae6,1100000326,2026-02-03T13:43:53.660Z
6981fb99b031ec1eec06cc30,6981fab9b031ec1eec06cae4,1100000327,2026-02-03T13:43:53.660Z
6981fb99b031ec1eec06cc31,6981fac0b031ec1eec06cae5,1100000328,2026-02-03T13:43:53.660Z
6981fb99b031ec1eec06cc32,6981fac0b031ec1eec06cae7,1100000329,2026-02-03T13:43:53.660Z
6981fb99b031ec1eec06cc33,6981fab9b031ec1eec06cae3,1100000330,2026-02-03T13:43:53.660Z
6981fb99b031ec1eec06cc34,6981fab9b031ec1eec06cae1,1100000331,2026-02-03T13:43:53.660Z
6981fb99b031ec1eec06cc35,6981fac0b031ec1eec06cae5,1100000332,2026-02-03T13:43:53.660Z
6981fb99b031ec1eec06cc36,6981fac0b031ec1eec06cae7,1100000333,2026-02-03T13:43:53.660Z
6981fb99b031ec1eec06cc37,697b59db58e6c79ef92c4915,1100000334,2026-02-03T13:43:53.660Z
6981fb99b031ec1eec06cc38,6981fac0b031ec1eec06cae5,1100000335,2026-02-03T13:43:53.660Z
6981fb99b031ec1eec06cc39,6981fab9b031ec1eec06cae2,1100000336,2026-02-03T13:43:53.660Z
6981fb99b031ec1eec06cc3a,697b59db58e6c79ef92c4915,1100000337,2026-02-03T13:43:53.660Z
6981fb99b031ec1eec06cc3b,697b59db58e6c79ef92c4915,1100000338,2026-02-03T13:43:53.660Z
6981fb99b031ec1eec06cc3c,6981fab9b031ec1eec06cae2,1100000339,2026-02-03T13:43:53.660Z
6981fb99b031ec1eec06cc3d,6981fab9b031ec1eec06cae1,1100000340,2026-02-03T13:43:53.660Z
6981fb99b031ec1eec06cc3e,6981fac0b031ec1eec06cae7,1100000341,2026-02-03T13:43:53.660Z
6981fb99b031ec1eec06cc3f,6981fab9b031ec1eec06cae3,1100000342,2026-02-03T13:43:53.660Z
6981fb99b031ec1eec06cc40,697b59db58e6c79ef92c4915,1100000343,2026-02-03T13:43:53.660Z
6981fb99b031ec1eec06cc41,697b59db58e6c79ef92c4915,1100000344,2026-02-03T13:43:53.660Z
6981fb99b031ec1eec06cc42,697b59db58e6c79ef92c4915,1100000345,2026-02-03T13:43:53.660Z
6981fb99b031ec1eec06cc43,6981fab9b031ec1eec06cae4,1100000346,2026-02-03T13:43:53.660Z
6981fb99b031ec1eec06cc44,6981fab9b031ec1eec06cae4,1100000347,2026-02-03T13:43:53.660Z
6981fb99b031ec1eec06cc45,6981fac0b031ec1eec06cae6,1100000348,2026-02-03T13:43:53.660Z
6981fb99b031ec1eec06cc46,6981fac0b031ec1eec06cae7,1100000349,2026-02-03T13:43:53.660Z
6981fb99b031ec1eec06cc47,6981fac0b031ec1eec06cae8,1100000350,2026-02-03T13:43:53.660Z
6981fb99b031ec1eec06cc48,6981fac0b031ec1eec06cae6,1100000351,2026-02-03T13:43:53.660Z
6981fb99b031ec1eec06cc49,6981fac0b031ec1eec06cae7,1100000352,2026-02-03T13:43:53.660Z
6981fb99b031ec1eec06cc4a,697b59db58e6c79ef92c4915,1100000353,2026-02-03T13:43:53.660Z
6981fb99b031ec1eec06cc4b,6981fac0b031ec1eec06cae5,1100000354,2026-02-03T13:43:53.660Z
6981fb99b031ec1eec06cc4c,6981fab9b031ec1eec06cae1,1100000355,2026-02-03T13:43:53.660Z
6981fb99b031ec1eec06cc4d,6981fab9b031ec1eec06cae3,1100000356,2026-02-03T13:43:53.660Z
6981fb99b031ec1eec06cc4e,6981fab9b031ec1eec06cae4,1100000357,2026-02-03T13:43:53.660Z
6981fb99b031ec1eec06cc4f,697b59db58e6c79ef92c4915,1100000358,2026-02-03T13:43:53.660Z
6981fb99b031ec1eec06cc50,6981fac0b031ec1eec06cae7,1100000359,2026-02-03T13:43:53.660Z
6981fb99b031ec1eec06cc51,6981fab9b031ec1eec06cae1,1100000360,2026-02-03T13:43:53.660Z
6981fb99b031ec1eec06cc52,6981fab9b031ec1eec06cae2,1100000361,2026-02-03T13:43:53.660Z
6981fb99b031ec1eec06cc53,6981fac0b031ec1eec06cae7,1100000362,2026-02-03T13:43:53.660Z
6981fb99b031ec1eec06cc54,6981fab9b031ec1eec06cae4,1100000363,2026-02-03T13:43:53.660Z
6981fb99b031ec1eec06cc55,6981fac0b031ec1eec06cae7,1100000364,2026-02-03T13:43:53.660Z
6981fb99b031ec1eec06cc56,697b59db58e6c79ef92c4915,1100000365,2026-02-03T13:43:53.660Z
6981fb99b031ec1eec06cc57,6981fab9b031ec1eec06cae3,1100000366,2026-02-03T13:43:53.660Z
6981fb99b031ec1eec06cc58,697b59db58e6c79ef92c4915,1100000367,2026-02-03T13:43:53.660Z
6981fb99b031ec1eec06cc59,6981fab9b031ec1eec06cae4,1100000368,2026-02-03T13:43:53.660Z
6981fb99b031ec1eec06cc5a,6981fab9b031ec1eec06cae2,1100000369,2026-02-03T13:43:53.660Z
6981fb99b031ec1eec06cc5b,6981fac0b031ec1eec06cae9,1100000370,2026-02-03T13:43:53.660Z
6981fb99b031ec1eec06cc5c,6981fab9b031ec1eec06cae3,1100000371,2026-02-03T13:43:53.660Z
6981fb99b031ec1eec06cc5d,697b59db58e6c79ef92c4915,1100000372,2026-02-03T13:43:53.660Z
6981fb99b031ec1eec06cc5e,6981fac0b031ec1eec06cae8,1100000373,2026-02-03T13:43:53.660Z
6981fb99b031ec1eec06cc5f,6981fab9b031ec1eec06cae1,1100000374,2026-02-03T13:43:53.660Z
6981fb99b031ec1eec06cc60,6981fab9b031ec1eec06cae2,1100000375,2026-02-03T13:43:53.660Z
6981fb99b031ec1eec06cc61,6981fac0b031ec1eec06cae5,1100000376,2026-02-03T13:43:53.660Z
6981fb99b031ec1eec06cc62,6981fab9b031ec1eec06cae1,1100000377,2026-02-03T13:43:53.660Z
6981fb99b031ec1eec06cc63,6981fac0b031ec1eec06cae9,1100000378,2026-02-03T13:43:53.660Z
6981fb99b031ec1eec06cc64,6981fab9b031ec1eec06cae3,1100000379,2026-02-03T13:43:53.660Z
6981fb99b031ec1eec06cc65,6981fac0b031ec1eec06cae8,1100000380,2026-02-03T13:43:53.660Z
6981fb99b031ec1eec06cc66,6981fab9b031ec1eec06cae1,1100000381,2026-02-03T13:43:53.660Z
6981fb99b031ec1eec06cc67,6981fab9b031ec1eec06cae1,1100000382,2026-02-03T13:43:53.660Z
6981fb99b031ec1eec06cc68,6981fac0b031ec1eec06cae9,1100000383,2026-02-03T13:43:53.660Z
6981fb99b031ec1eec06cc69,6981fab9b031ec1eec06cae1,1100000384,2026-02-03T13:43:53.660Z
6981fb99b031ec1eec06cc6a,6981fab9b031ec1eec06cae3,1100000385,2026-02-03T13:43:53.660Z
6981fb99b031ec1eec06cc6b,6981fac0b031ec1eec06cae6,1100000386,2026-02-03T13:43:53.660Z
6981fb99b031ec1eec06cc6c,6981fac0b031ec1eec06cae7,1100000387,2026-02-03T13:43:53.660Z
6981fb99b031ec1eec06cc6d,6981fac0b031ec1eec06cae8,1100000388,2026-02-03T13:43:53.660Z
6981fb99b031ec1eec06cc6e,6981fab9b031ec1eec06cae2,1100000389,2026-02-03T13:43:53.660Z
6981fb99b031ec1eec06cc6f,6981fac0b031ec1eec06cae7,1100000390,2026-02-03T13:43:53.660Z
6981fb99b031ec1eec06cc70,6981fac0b031ec1eec06cae6,1100000391,2026-02-03T13:43:53.660Z
6981fb99b031ec1eec06cc71,6981fab9b031ec1eec06cae2,1100000392,2026-02-03T13:43:53.660Z
6981fb99b031ec1eec06cc72,6981fac0b031ec1eec06cae6,1100000393,2026-02-03T13:43:53.660Z
6981fb99b031ec1eec06cc73,6981fab9b031ec1eec06cae1,1100000394,2026-02-03T13:43:53.660Z
6981fb99b031ec1eec06cc74,6981fac0b031ec1eec06cae9,1100000395,2026-02-03T13:43:53.660Z
6981fb99b031ec1eec06cc75,6981fac0b031ec1eec06cae7,1100000396,2026-02-03T13:43:53.660Z
6981fb99b031ec1eec06cc76,6981fac0b031ec1eec06cae5,1100000397,2026-02-03T13:43:53.660Z
6981fb99b031ec1eec06cc77,6981fab9b031ec1eec06cae3,1100000398,2026-02-03T13:43:53.660Z
6981fb99b031ec1eec06cc78,697b59db58e6c79ef92c4915,1100000399,2026-02-03T13:43:53.660Z
6981fb99b031ec1eec06cc79,6981fac0b031ec1eec06cae5,1100000400,2026-02-03T13:43:53.660Z
6981fb99b031ec1eec06cc7a,6981fab9b031ec1eec06cae1,1100000401,2026-02-03T13:43:53.660Z
6981fb99b031ec1eec06cc7b,6981fac0b031ec1eec06cae7,1100000402,2026-02-03T13:43:53.660Z
6981fb99b031ec1eec06cc7c,697b59db58e6c79ef92c4915,1100000403,2026-02-03T13:43:53.660Z
6981fb99b031ec1eec06cc7d,6981fab9b031ec1eec06cae2,1100000404,2026-02-03T13:43:53.660Z
6981fb99b031ec1eec06cc7e,6981fac0b031ec1eec06cae7,1100000405,2026-02-03T13:43:53.660Z
6981fb99b031ec1eec06cc7f,6981fab9b031ec1eec06cae3,1100000406,2026-02-03T13:43:53.660Z
6981fb99b031ec1eec06cc80,697b59db58e6c79ef92c4915,1100000407,2026-02-03T13:43:53.660Z
6981fb99b031ec1eec06cc81,6981fac0b031ec1eec06cae6,1100000408,2026-02-03T13:43:53.660Z
6981fb99b031ec1eec06cc82,6981fab9b031ec1eec06cae4,1100000409,2026-02-03T13:43:53.660Z
6981fb99b031ec1eec06cc83,6981fac0b031ec1eec06cae5,1100000410,2026-02-03T13:43:53.660Z
6981fb99b031ec1eec06cc84,6981fab9b031ec1eec06cae1,1100000411,2026-02-03T13:43:53.660Z
6981fb99b031ec1eec06cc85,6981fac0b031ec1eec06cae9,1100000412,2026-02-03T13:43:53.660Z
6981fb99b031ec1eec06cc86,6981fab9b031ec1eec06cae4,1100000413,2026-02-03T13:43:53.660Z
6981fb99b031ec1eec06cc87,6981fac0b031ec1eec06cae5,1100000414,2026-02-03T13:43:53.660Z
6981fb99b031ec1eec06cc88,6981fac0b031ec1eec06cae9,1100000415,2026-02-03T13:43:53.660Z
6981fb99b031ec1eec06cc89,6981fab9b031ec1eec06cae3,1100000416,2026-02-03T13:43:53.660Z
6981fb99b031ec1eec06cc8a,6981fac0b031ec1eec06cae9,1100000417,2026-02-03T13:43:53.660Z
6981fb99b031ec1eec06cc8b,6981fab9b031ec1eec06cae3,1100000418,2026-02-03T13:43:53.660Z
6981fb99b031ec1eec06cc8c,6981fac0b031ec1eec06cae9,1100000419,2026-02-03T13:43:53.660Z
6981fb99b031ec1eec06cc8d,6981fac0b031ec1eec06cae7,1100000420,2026-02-03T13:43:53.660Z
6981fb99b031ec1eec06cc8e,6981fac0b031ec1eec06cae6,1100000421,2026-02-03T13:43:53.660Z
6981fb99b031ec1eec06cc8f,6981fac0b031ec1eec06cae6,1100000422,2026-02-03T13:43:53.660Z
6981fb99b031ec1eec06cc90,6981fac0b031ec1eec06cae5,1100000423,2026-02-03T13:43:53.660Z
6981fb99b031ec1eec06cc91,6981fac0b031ec1eec06cae9,1100000424,2026-02-03T13:43:53.660Z
6981fb99b031ec1eec06cc92,6981fab9b031ec1eec06cae2,1100000425,2026-02-03T13:43:53.660Z
6981fb99b031ec1eec06cc93,6981fac0b031ec1eec06cae8,1100000426,2026-02-03T13:43:53.660Z
6981fb99b031ec1eec06cc94,6981fab9b031ec1eec06cae4,1100000427,2026-02-03T13:43:53.660Z
6981fb99b031ec1eec06cc95,6981fac0b031ec1eec06cae9,1100000428,2026-02-03T13:43:53.660Z
6981fb99b031ec1eec06cc96,6981fac0b031ec1eec06cae9,1100000429,2026-02-03T13:43:53.660Z
6981fb99b031ec1eec06cc97,6981fab9b031ec1eec06cae4,1100000430,2026-02-03T13:43:53.660Z
6981fb99b031ec1eec06cc98,6981fab9b031ec1eec06cae2,1100000431,2026-02-03T13:43:53.660Z
6981fb99b031ec1eec06cc99,6981fab9b031ec1eec06cae4,1100000432,2026-02-03T13:43:53.661Z
6981fb99b031ec1eec06cc9a,6981fac0b031ec1eec06cae7,1100000433,2026-02-03T13:43:53.661Z
6981fb99b031ec1eec06cc9b,6981fac0b031ec1eec06cae5,1100000434,2026-02-03T13:43:53.661Z
6981fb99b031ec1eec06cc9c,6981fac0b031ec1eec06cae5,1100000435,2026-02-03T13:43:53.661Z
6981fb99b031ec1eec06cc9d,6981fab9b031ec1eec06cae4,1100000436,2026-02-03T13:43:53.661Z
6981fb99b031ec1eec06cc9e,6981fac0b031ec1eec06cae7,1100000437,2026-02-03T13:43:53.661Z
6981fb99b031ec1eec06cc9f,6981fac0b031ec1eec06cae6,1100000438,2026-02-03T13:43:53.661Z
6981fb99b031ec1eec06cca0,6981fab9b031ec1eec06cae3,1100000439,2026-02-03T13:43:53.661Z
6981fb99b031ec1eec06cca1,6981fab9b031ec1eec06cae1,1100000440,2026-02-03T13:43:53.661Z
6981fb99b031ec1eec06cca2,6981fab9b031ec1eec06cae3,1100000441,2026-02-03T13:43:53.661Z
6981fb99b031ec1eec06cca3,6981fab9b031ec1eec06cae4,1100000442,2026-02-03T13:43:53.661Z
6981fb99b031ec1eec06cca4,6981fab9b031ec1eec06cae1,1100000443,2026-02-03T13:43:53.661Z
6981fb99b031ec1eec06cca5,6981fab9b031ec1eec06cae3,1100000444,2026-02-03T13:43:53.661Z
6981fb99b031ec1eec06cca6,6981fac0b031ec1eec06cae8,1100000445,2026-02-03T13:43:53.661Z
6981fb99b031ec1eec06cca7,6981fac0b031ec1eec06cae9,1100000446,2026-02-03T13:43:53.661Z
6981fb99b031ec1eec06cca8,6981fac0b031ec1eec06cae9,1100000447,2026-02-03T13:43:53.661Z
6981fb99b031ec1eec06cca9,6981fab9b031ec1eec06cae3,1100000448,2026-02-03T13:43:53.661Z
6981fb99b031ec1eec06ccaa,6981fac0b031ec1eec06cae5,1100000449,2026-02-03T13:43:53.661Z
6981fb99b031ec1eec06ccab,6981fab9b031ec1eec06cae2,1100000450,2026-02-03T13:43:53.661Z
6981fb99b031ec1eec06ccac,6981fac0b031ec1eec06cae6,1100000451,2026-02-03T13:43:53.661Z
6981fb99b031ec1eec06ccad,6981fab9b031ec1eec06cae4,1100000452,2026-02-03T13:43:53.661Z
6981fb99b031ec1eec06ccae,697b59db58e6c79ef92c4915,1100000453,2026-02-03T13:43:53.661Z
6981fb99b031ec1eec06ccaf,6981fac0b031ec1eec06cae5,1100000454,2026-02-03T13:43:53.661Z
6981fb99b031ec1eec06ccb0,6981fac0b031ec1eec06cae8,1100000455,2026-02-03T13:43:53.661Z
6981fb99b031ec1eec06ccb1,697b59db58e6c79ef92c4915,1100000456,2026-02-03T13:43:53.661Z
6981fb99b031ec1eec06ccb2,6981fac0b031ec1eec06cae6,1100000457,2026-02-03T13:43:53.661Z
6981fb99b031ec1eec06ccb3,6981fab9b031ec1eec06cae3,1100000458,2026-02-03T13:43:53.661Z
6981fb99b031ec1eec06ccb4,6981fab9b031ec1eec06cae2,1100000459,2026-02-03T13:43:53.661Z
6981fb99b031ec1eec06ccb5,6981fab9b031ec1eec06cae4,1100000460,2026-02-03T13:43:53.661Z
6981fb99b031ec1eec06ccb6,6981fac0b031ec1eec06cae8,1100000461,2026-02-03T13:43:53.661Z
6981fb99b031ec1eec06ccb7,6981fac0b031ec1eec06cae6,1100000462,2026-02-03T13:43:53.661Z
6981fb99b031ec1eec06ccb8,6981fac0b031ec1eec06cae6,1100000463,2026-02-03T13:43:53.661Z
6981fb99b031ec1eec06ccb9,697b59db58e6c79ef92c4915,1100000464,2026-02-03T13:43:53.661Z
6981fb99b031ec1eec06ccba,6981fab9b031ec1eec06cae1,1100000465,2026-02-03T13:43:53.661Z
6981fb99b031ec1eec06ccbb,697b59db58e6c79ef92c4915,1100000466,2026-02-03T13:43:53.661Z
6981fb99b031ec1eec06ccbc,6981fac0b031ec1eec06cae7,1100000467,2026-02-03T13:43:53.661Z
6981fb99b031ec1eec06ccbd,6981fac0b031ec1eec06cae7,1100000468,2026-02-03T13:43:53.661Z
6981fb99b031ec1eec06ccbe,697b59db58e6c79ef92c4915,1100000469,2026-02-03T13:43:53.661Z
6981fb99b031ec1eec06ccbf,6981fab9b031ec1eec06cae1,1100000470,2026-02-03T13:43:53.661Z
6981fb99b031ec1eec06ccc0,6981fab9b031ec1eec06cae2,1100000471,2026-02-03T13:43:53.661Z
6981fb99b031ec1eec06ccc1,6981fab9b031ec1eec06cae4,1100000472,2026-02-03T13:43:53.661Z
6981fb99b031ec1eec06ccc2,6981fac0b031ec1eec06cae9,1100000473,2026-02-03T13:43:53.661Z
6981fb99b031ec1eec06ccc3,6981fab9b031ec1eec06cae1,1100000474,2026-02-03T13:43:53.661Z
6981fb99b031ec1eec06ccc4,6981fac0b031ec1eec06cae5,1100000475,2026-02-03T13:43:53.661Z
6981fb99b031ec1eec06ccc5,6981fac0b031ec1eec06cae5,1100000476,2026-02-03T13:43:53.661Z
6981fb99b031ec1eec06ccc6,6981fac0b031ec1eec06cae6,1100000477,2026-02-03T13:43:53.661Z
6981fb99b031ec1eec06ccc7,6981fab9b031ec1eec06cae2,1100000478,2026-02-03T13:43:53.661Z
6981fb99b031ec1eec06ccc8,6981fac0b031ec1eec06cae8,1100000479,2026-02-03T13:43:53.661Z
6981fb99b031ec1eec06ccc9,6981fab9b031ec1eec06cae2,1100000480,2026-02-03T13:43:53.661Z
6981fb99b031ec1eec06ccca,6981fac0b031ec1eec06cae7,1100000481,2026-02-03T13:43:53.661Z
6981fb99b031ec1eec06cccb,6981fab9b031ec1eec06cae2,1100000482,2026-02-03T13:43:53.661Z
6981fb99b031ec1eec06cccc,6981fab9b031ec1eec06cae4,1100000483,2026-02-03T13:43:53.661Z
6981fb99b031ec1eec06cccd,6981fac0b031ec1eec06cae9,1100000484,2026-02-03T13:43:53.661Z
6981fb99b031ec1eec06ccce,6981fab9b031ec1eec06cae3,1100000485,2026-02-03T13:43:53.661Z
6981fb99b031ec1eec06cccf,6981fab9b031ec1eec06cae3,1100000486,2026-02-03T13:43:53.661Z
6981fb99b031ec1eec06ccd0,6981fab9b031ec1eec06cae3,1100000487,2026-02-03T13:43:53.661Z
6981fb99b031ec1eec06ccd1,6981fab9b031ec1eec06cae4,1100000488,2026-02-03T13:43:53.661Z
6981fb99b031ec1eec06ccd2,6981fac0b031ec1eec06cae5,1100000489,2026-02-03T13:43:53.661Z
6981fb99b031ec1eec06ccd3,6981fac0b031ec1eec06cae8,1100000490,2026-02-03T13:43:53.661Z
6981fb99b031ec1eec06ccd4,6981fac0b031ec1eec06cae7,1100000491,2026-02-03T13:43:53.661Z
6981fb99b031ec1eec06ccd5,6981fab9b031ec1eec06cae2,1100000492,2026-02-03T13:43:53.661Z
6981fb99b031ec1eec06ccd6,6981fac0b031ec1eec06cae9,1100000493,2026-02-03T13:43:53.661Z
6981fb99b031ec1eec06ccd7,6981fab9b031ec1eec06cae1,1100000494,2026-02-03T13:43:53.661Z
6981fb99b031ec1eec06ccd8,6981fac0b031ec1eec06cae8,1100000495,2026-02-03T13:43:53.661Z
6981fb99b031ec1eec06ccd9,6981fac0b031ec1eec06cae6,1100000496,2026-02-03T13:43:53.661Z
6981fb99b031ec1eec06ccda,6981fac0b031ec1eec06cae6,1100000497,2026-02-03T13:43:53.661Z
6981fb99b031ec1eec06ccdb,697b59db58e6c79ef92c4915,1100000498,2026-02-03T13:43:53.661Z
6981fb99b031ec1eec06ccdc,6981fac0b031ec1eec06cae8,1100000499,2026-02-03T13:43:53.661Z
6981fb99b031ec1eec06ccdd,6981fac0b031ec1eec06cae8,1100000500,2026-02-03T13:43:53.661Z
